City,Date,PM2.5,PM10,NO2,SO2,AQI,Temperature,Humidity
Delhi,2024-01-01,87.45,117.23,43.24,14.57,84,28.8,42.3
Delhi,2024-01-02,76.54,125.62,45.05,8.26,81,27.5,47.3
Delhi,2024-01-03,83.73,81.81,31.38,8.31,70,25.2,51.7
Delhi,2024-01-04,84.86,106.05,29.3,8.11,77,33.4,60.6
Delhi,2024-01-05,72.03,122.38,34.25,11.13,77,27.5,67.4
Delhi,2024-01-06,75.87,99.77,39.19,8.4,72,30.6,76.4
Delhi,2024-01-07,92.64,95.82,41.04,4.12,79,24.1,78.8
Delhi,2024-01-08,83.3,124.65,44.41,6.97,84,23.0,50.9
Delhi,2024-01-09,73.49,141.46,41.72,4.71,83,32.6,43.0
Delhi,2024-01-10,74.67,132.0,44.44,12.68,82,34.9,43.0
Delhi,2024-01-11,67.91,114.22,41.66,12.93,73,28.8,52.4
Delhi,2024-01-12,77.77,144.03,35.51,12.5,86,32.8,58.9
Delhi,2024-01-13,86.02,107.58,41.81,14.61,80,31.3,60.9
Delhi,2024-01-14,104.12,112.55,39.7,5.74,90,36.7,60.3
Delhi,2024-01-15,77.4,127.7,47.39,8.45,82,27.6,77.2
Delhi,2024-01-16,73.22,130.63,45.79,10.77,81,33.3,47.5
Delhi,2024-01-17,82.26,140.01,36.49,9.02,87,29.8,72.7
Delhi,2024-01-18,58.9,67.58,41.73,8.81,54,30.4,53.5
Delhi,2024-01-19,78.48,128.8,49.43,10.52,83,33.2,78.5
Delhi,2024-01-20,79.83,120.39,31.63,6.78,79,26.9,41.5
Delhi,2024-01-21,81.9,170.06,39.04,10.9,96,31.8,79.4
Delhi,2024-01-22,63.52,136.19,34.25,7.67,76,35.8,69.1
Delhi,2024-01-23,102.14,92.84,42.93,16.57,84,27.0,41.6
Delhi,2024-01-24,72.66,155.05,44.37,10.03,88,30.2,49.1
Delhi,2024-01-25,65.27,130.43,35.4,14.65,76,28.1,77.0
Delhi,2024-01-26,76.42,113.87,42.78,13.13,77,34.6,62.2
Delhi,2024-01-27,57.19,124.73,41.3,12.35,71,25.8,69.0
Delhi,2024-01-28,61.54,133.43,46.09,10.68,76,36.2,40.4
Delhi,2024-01-29,85.8,106.83,49.33,11.42,81,26.0,68.5
Delhi,2024-01-30,91.3,106.14,34.35,12.31,82,38.2,74.0
Delhi,2024-01-31,93.83,159.14,38.77,7.74,99,27.4,78.9
Delhi,2024-02-01,69.31,138.81,38.8,13.63,81,34.4,60.1
Delhi,2024-02-02,77.63,175.68,43.13,7.43,96,26.3,77.6
Delhi,2024-02-03,88.89,118.84,43.7,8.64,85,35.5,55.4
Delhi,2024-02-04,75.0,138.49,41.07,6.26,83,32.4,62.8
Delhi,2024-02-05,87.53,126.02,35.96,13.17,86,31.7,69.6
Delhi,2024-02-06,98.05,142.52,33.11,7.19,95,33.9,74.7
Delhi,2024-02-07,89.56,121.96,44.36,14.31,87,31.3,66.0
Delhi,2024-02-08,96.21,134.55,38.42,12.28,93,27.3,63.1
Delhi,2024-02-09,78.4,120.77,37.33,4.63,79,32.8,63.6
Delhi,2024-02-10,74.92,143.38,40.32,6.77,85,27.3,64.9
Delhi,2024-02-11,92.24,169.42,49.22,14.09,103,34.9,79.0
Delhi,2024-02-12,51.72,125.41,36.69,12.56,68,26.7,41.0
Delhi,2024-02-13,80.43,106.28,48.31,9.0,77,29.0,50.0
Delhi,2024-02-14,108.68,129.86,33.7,12.75,97,41.0,56.8
Delhi,2024-02-15,97.74,107.19,33.6,9.29,85,39.6,43.9
Delhi,2024-02-16,33.68,101.35,38.74,6.26,51,38.3,65.4
Delhi,2024-02-17,60.9,119.31,37.67,10.18,71,41.8,74.3
Delhi,2024-02-18,67.68,131.16,41.0,8.2,78,30.2,77.6
Delhi,2024-02-19,76.67,84.01,46.4,8.15,68,40.3,61.8
Delhi,2024-02-20,80.22,133.77,41.4,8.13,85,28.6,73.8
Delhi,2024-02-21,75.15,109.6,38.22,12.86,75,36.8,75.1
Delhi,2024-02-22,94.79,134.67,35.86,8.32,92,33.1,79.6
Delhi,2024-02-23,91.81,86.37,33.9,7.99,76,35.0,77.2
Delhi,2024-02-24,79.43,144.14,44.13,12.44,88,35.6,52.8
Delhi,2024-02-25,83.07,117.42,44.27,9.19,82,25.9,78.0
Delhi,2024-02-26,84.25,134.14,35.91,16.28,87,23.9,66.9
Delhi,2024-02-27,64.64,137.69,43.34,7.9,78,28.7,62.0
Delhi,2024-02-28,97.53,119.38,35.87,9.04,89,30.7,64.7
Delhi,2024-02-29,74.49,113.69,41.02,11.68,76,32.9,43.3
Delhi,2024-03-01,61.28,94.25,36.41,9.36,63,30.0,57.0
Delhi,2024-03-02,105.18,116.39,39.98,7.95,92,28.2,44.8
Delhi,2024-03-03,87.94,105.94,42.6,14.6,81,27.8,51.4
Delhi,2024-03-04,89.18,115.66,42.29,10.21,84,33.2,79.7
Delhi,2024-03-05,84.67,107.1,40.12,11.49,79,35.5,58.2
Delhi,2024-03-06,97.64,146.61,49.08,9.67,98,33.0,64.8
Delhi,2024-03-07,70.7,110.65,29.38,8.42,72,24.3,79.0
Delhi,2024-03-08,85.61,84.43,41.81,11.71,73,32.9,46.5
Delhi,2024-03-09,63.6,159.35,45.9,8.59,85,19.5,78.8
Delhi,2024-03-10,103.76,128.27,41.39,2.64,94,23.5,50.9
Delhi,2024-03-11,83.58,123.74,37.75,11.87,83,22.7,78.2
Delhi,2024-03-12,81.41,95.47,42.68,13.18,74,35.7,54.3
Delhi,2024-03-13,88.58,107.91,47.76,10.35,82,33.9,62.1
Delhi,2024-03-14,84.66,143.45,40.83,6.94,90,26.7,41.2
Delhi,2024-03-15,93.38,150.33,35.18,12.06,96,33.3,55.7
Delhi,2024-03-16,57.37,140.72,39.31,10.6,75,17.2,71.3
Delhi,2024-03-17,108.23,95.44,31.48,9.83,86,30.0,59.7
Delhi,2024-03-18,83.36,145.53,32.79,9.63,89,27.8,45.2
Delhi,2024-03-19,89.4,104.32,37.43,6.82,80,27.9,66.7
Delhi,2024-03-20,98.28,114.23,37.62,7.55,87,25.5,43.5
Delhi,2024-03-21,82.39,102.5,37.23,6.41,76,38.2,41.6
Delhi,2024-03-22,84.58,133.53,46.02,12.55,88,25.4,69.9
Delhi,2024-03-23,76.14,111.76,38.62,3.09,75,21.0,58.5
Delhi,2024-03-24,104.65,140.35,35.06,10.09,98,33.5,61.3
Delhi,2024-03-25,82.28,104.25,31.97,10.61,76,25.0,40.8
Delhi,2024-03-26,62.92,102.17,36.73,7.68,66,27.1,75.6
Delhi,2024-03-27,109.61,141.07,39.96,14.44,102,29.3,63.5
Delhi,2024-03-28,71.43,114.67,47.91,8.84,75,25.7,54.5
Delhi,2024-03-29,98.29,161.71,33.01,11.69,102,25.9,47.5
Delhi,2024-03-30,77.14,106.99,37.27,2.49,74,32.7,79.3
Delhi,2024-03-31,80.92,105.45,37.12,12.27,77,31.9,77.2
Delhi,2024-04-01,69.89,164.51,48.1,12.8,90,25.8,47.5
Delhi,2024-04-02,73.15,87.58,31.86,10.14,67,31.0,51.5
Delhi,2024-04-03,71.09,100.94,41.34,18.35,71,21.8,42.1
Delhi,2024-04-04,71.79,116.07,45.03,8.27,76,34.1,70.4
Delhi,2024-04-05,67.8,109.33,52.17,4.69,72,24.9,77.2
Delhi,2024-04-06,90.37,111.76,40.43,9.53,83,36.1,45.6
Delhi,2024-04-07,88.67,111.99,42.94,9.04,83,28.8,72.6
Delhi,2024-04-08,89.25,165.43,44.36,9.02,99,36.5,57.6
Delhi,2024-04-09,78.83,110.43,28.85,13.15,76,26.4,60.1
Mumbai,2024-01-01,84.9,115.62,44.15,3.37,81,31.2,44.7
Mumbai,2024-01-02,91.61,123.34,42.84,7.38,87,28.1,71.8
Mumbai,2024-01-03,89.59,165.49,40.91,10.74,99,28.0,49.9
Mumbai,2024-01-04,67.4,150.32,42.01,8.96,83,34.5,72.9
Mumbai,2024-01-05,76.15,100.58,37.78,11.13,73,34.3,68.8
Mumbai,2024-01-06,66.42,147.92,45.04,5.1,82,32.1,53.8
Mumbai,2024-01-07,53.62,150.16,43.27,9.83,77,32.2,60.2
Mumbai,2024-01-08,63.47,116.22,40.23,15.35,72,33.9,76.9
Mumbai,2024-01-09,68.54,129.75,49.41,14.04,79,39.0,77.4
Mumbai,2024-01-10,72.78,118.56,43.91,17.62,78,33.7,56.0
Mumbai,2024-01-11,78.13,111.86,34.94,5.04,76,35.4,53.9
Mumbai,2024-01-12,81.65,145.84,35.91,5.49,88,30.0,58.1
Mumbai,2024-01-13,76.91,115.03,26.52,9.84,76,30.3,63.2
Mumbai,2024-01-14,91.09,100.18,42.58,7.6,80,30.7,79.9
Mumbai,2024-01-15,119.3,121.74,40.07,9.93,101,32.6,48.2
Mumbai,2024-01-16,78.58,172.0,34.46,14.17,95,18.4,57.6
Mumbai,2024-01-17,99.49,79.17,38.29,8.89,78,24.7,65.8
Mumbai,2024-01-18,69.18,113.44,39.65,11.46,73,27.9,66.4
Mumbai,2024-01-19,91.73,98.14,37.38,11.47,80,25.8,44.0
Mumbai,2024-01-20,91.64,137.04,35.3,10.7,91,33.2,55.9
Mumbai,2024-01-21,64.78,133.12,42.97,9.07,77,33.6,56.9
Mumbai,2024-01-22,62.28,96.01,35.92,13.95,64,23.2,50.7
Mumbai,2024-01-23,61.89,155.98,29.59,15.09,82,33.0,70.5
Mumbai,2024-01-24,79.7,140.36,39.85,8.99,86,38.7,40.9
Mumbai,2024-01-25,85.82,86.76,33.26,12.23,73,32.9,79.4
Mumbai,2024-01-26,78.49,95.23,40.5,5.11,72,34.8,62.2
Mumbai,2024-01-27,96.74,130.49,41.28,12.95,92,40.3,47.0
Mumbai,2024-01-28,96.57,117.92,44.03,11.15,89,20.1,41.9
Mumbai,2024-01-29,89.16,106.61,40.93,7.73,81,28.9,51.5
Mumbai,2024-01-30,60.35,147.99,35.58,11.72,79,23.1,59.0
Mumbai,2024-01-31,88.9,124.9,35.71,12.1,86,28.9,59.9
Mumbai,2024-02-01,83.38,87.45,44.94,8.94,73,33.0,43.0
Mumbai,2024-02-02,81.08,156.7,36.87,15.44,92,35.2,72.0
Mumbai,2024-02-03,73.21,99.56,44.65,4.71,71,37.3,43.7
Mumbai,2024-02-04,80.58,133.77,40.89,5.99,85,33.4,72.3
Mumbai,2024-02-05,90.91,147.13,45.31,8.64,94,34.6,59.6
Mumbai,2024-02-06,88.24,125.59,41.36,6.17,86,25.9,77.0
Mumbai,2024-02-07,97.65,144.06,39.6,8.6,96,35.7,73.2
Mumbai,2024-02-08,83.34,112.27,37.83,9.07,80,32.3,53.6
Mumbai,2024-02-09,74.77,116.34,40.67,11.24,77,21.4,71.6
Mumbai,2024-02-10,97.48,91.89,41.34,12.67,81,31.3,77.6
Mumbai,2024-02-11,98.03,146.1,36.58,8.47,97,18.4,65.1
Mumbai,2024-02-12,75.42,150.75,47.9,8.43,88,28.6,54.2
Mumbai,2024-02-13,77.92,101.6,34.75,4.2,73,24.5,67.2
Mumbai,2024-02-14,96.96,117.48,39.75,12.02,88,24.8,79.6
Mumbai,2024-02-15,87.99,145.14,48.11,5.29,92,30.7,47.1
Mumbai,2024-02-16,72.95,110.73,36.81,13.57,74,37.3,67.8
Mumbai,2024-02-17,73.79,128.75,38.12,7.88,80,26.5,61.5
Mumbai,2024-02-18,105.61,157.84,36.94,8.84,104,31.3,66.2
Mumbai,2024-02-19,87.47,104.95,40.52,4.75,79,23.5,50.4
Mumbai,2024-02-20,82.0,157.89,37.41,10.67,93,29.5,59.2
Mumbai,2024-02-21,100.38,146.15,41.72,13.97,99,23.8,62.6
Mumbai,2024-02-22,91.36,114.89,42.95,13.33,85,33.5,67.9
Mumbai,2024-02-23,90.26,142.29,47.66,8.05,93,31.6,75.2
Mumbai,2024-02-24,80.19,125.09,46.03,7.55,82,31.0,73.3
Mumbai,2024-02-25,76.85,117.69,40.02,12.45,78,21.6,79.2
Mumbai,2024-02-26,62.4,137.17,43.23,16.49,78,27.3,70.4
Mumbai,2024-02-27,86.14,133.04,40.24,13.63,88,21.6,77.3
Mumbai,2024-02-28,76.2,126.2,45.37,6.92,81,29.3,53.8
Mumbai,2024-02-29,72.45,112.76,40.64,11.1,75,25.9,41.0
Mumbai,2024-03-01,106.48,121.08,37.22,15.64,94,21.2,46.5
Mumbai,2024-03-02,50.07,135.41,44.94,13.37,71,35.0,50.9
Mumbai,2024-03-03,92.85,120.5,49.23,6.79,88,20.7,79.4
Mumbai,2024-03-04,72.77,140.48,38.97,7.87,83,24.9,41.2
Mumbai,2024-03-05,64.43,151.44,39.59,13.35,82,29.9,70.8
Mumbai,2024-03-06,90.1,131.8,43.04,7.17,89,29.8,41.3
Mumbai,2024-03-07,86.25,136.82,39.55,14.32,89,24.7,48.0
Mumbai,2024-03-08,110.36,107.86,39.93,5.23,92,30.9,71.9
Mumbai,2024-03-09,76.71,84.93,37.74,2.73,67,20.1,67.8
Mumbai,2024-03-10,94.86,130.2,42.39,9.93,91,25.2,44.2
Mumbai,2024-03-11,83.45,99.63,47.52,12.63,77,26.9,53.1
Mumbai,2024-03-12,83.95,105.31,40.19,9.19,78,27.6,43.1
Mumbai,2024-03-13,68.58,117.26,48.99,11.92,75,25.2,46.7
Mumbai,2024-03-14,92.24,128.43,36.01,15.44,89,29.8,74.8
Mumbai,2024-03-15,97.13,135.66,45.25,8.39,94,34.6,58.1
Mumbai,2024-03-16,86.71,131.03,50.91,8.89,88,29.1,42.4
Mumbai,2024-03-17,74.03,113.36,38.4,11.27,75,30.7,66.3
Mumbai,2024-03-18,75.24,182.38,39.52,7.2,97,31.9,79.9
Mumbai,2024-03-19,84.47,125.52,43.07,6.93,84,26.9,74.7
Mumbai,2024-03-20,58.92,141.82,44.37,4.41,76,23.8,54.8
Mumbai,2024-03-21,87.37,144.14,48.42,8.62,92,33.8,76.0
Mumbai,2024-03-22,83.47,90.58,37.14,12.4,73,29.4,48.4
Mumbai,2024-03-23,106.25,150.88,36.87,11.19,103,31.0,47.2
Mumbai,2024-03-24,88.06,129.8,38.54,5.05,87,28.4,74.8
Mumbai,2024-03-25,95.78,66.39,45.74,4.78,72,26.9,78.8
Mumbai,2024-03-26,67.45,139.55,33.77,13.32,80,25.3,45.2
Mumbai,2024-03-27,83.6,132.98,40.38,6.15,86,33.9,57.2
Mumbai,2024-03-28,76.94,136.46,33.04,7.48,83,31.7,46.7
Mumbai,2024-03-29,79.58,165.05,41.91,11.29,94,34.3,48.2
Mumbai,2024-03-30,88.03,117.02,37.25,10.15,83,25.9,77.5
Mumbai,2024-03-31,95.49,121.99,40.39,4.01,88,34.0,58.2
Mumbai,2024-04-01,89.75,81.62,54.69,7.39,75,31.6,41.2
Mumbai,2024-04-02,101.22,102.88,43.06,6.84,86,26.6,74.7
Mumbai,2024-04-03,113.36,134.66,35.41,9.91,101,39.9,64.7
Mumbai,2024-04-04,87.72,144.77,45.53,13.56,93,33.2,55.8
Mumbai,2024-04-05,67.6,108.37,41.48,13.02,71,28.8,71.3
Mumbai,2024-04-06,109.01,132.91,38.78,12.89,99,36.2,72.3
Mumbai,2024-04-07,66.44,138.31,43.18,13.87,80,29.1,44.8
Mumbai,2024-04-08,82.3,124.23,34.52,5.68,82,38.5,55.5
Mumbai,2024-04-09,72.25,92.91,38.48,6.12,68,27.6,42.9
Chennai,2024-01-01,104.63,140.2,36.56,16.76,99,34.9,60.8
Chennai,2024-01-02,75.18,110.96,39.9,6.53,75,22.5,56.0
Chennai,2024-01-03,95.44,168.88,46.92,11.69,104,33.2,78.2
Chennai,2024-01-04,92.95,115.07,41.96,9.43,86,33.2,44.1
Chennai,2024-01-05,54.81,118.19,35.06,6.69,67,31.4,52.5
Chennai,2024-01-06,101.13,150.49,43.87,8.19,100,22.7,44.9
Chennai,2024-01-07,88.55,100.87,40.53,6.0,79,27.8,62.7
Chennai,2024-01-08,85.15,148.23,39.62,8.26,91,31.2,65.3
Chennai,2024-01-09,82.23,131.19,40.24,10.12,85,27.5,64.4
Chennai,2024-01-10,70.51,143.35,38.5,9.17,83,34.9,49.5
Chennai,2024-01-11,69.72,138.3,38.53,13.74,81,27.9,65.0
Chennai,2024-01-12,84.73,164.89,33.81,11.57,96,27.7,74.5
Chennai,2024-01-13,77.82,117.88,40.22,9.56,79,36.3,49.3
Chennai,2024-01-14,113.81,149.71,31.57,10.94,106,31.5,45.5
Chennai,2024-01-15,68.64,153.34,48.39,8.34,85,34.5,51.0
Chennai,2024-01-16,105.18,98.58,36.44,8.24,86,30.7,60.8
Chennai,2024-01-17,84.31,89.52,41.65,12.5,74,21.8,53.3
Chennai,2024-01-18,86.46,134.58,49.73,9.22,89,40.4,42.4
Chennai,2024-01-19,89.27,122.24,42.69,7.24,86,32.7,43.9
Chennai,2024-01-20,59.74,152.43,38.47,13.94,80,25.8,71.8
Chennai,2024-01-21,64.62,114.47,46.07,10.43,72,43.5,43.6
Chennai,2024-01-22,86.95,110.29,41.81,11.51,81,34.9,68.3
Chennai,2024-01-23,69.31,94.26,30.82,11.52,67,26.5,64.0
Chennai,2024-01-24,48.86,137.65,40.16,10.75,70,32.0,74.1
Chennai,2024-01-25,82.43,118.98,44.6,9.13,82,33.3,71.6
Chennai,2024-01-26,86.08,110.86,38.82,6.44,80,30.2,67.8
Chennai,2024-01-27,81.72,120.86,45.43,11.42,82,31.8,64.3
Chennai,2024-01-28,93.62,108.07,42.65,2.42,83,32.3,45.9
Chennai,2024-01-29,72.26,117.38,40.28,11.59,76,31.6,52.5
Chennai,2024-01-30,88.75,63.39,41.47,10.85,68,27.9,48.6
Chennai,2024-01-31,104.46,145.58,38.93,14.47,101,32.6,79.3
Chennai,2024-02-01,76.49,109.97,37.95,8.9,75,28.2,44.0
Chennai,2024-02-02,75.78,124.69,40.8,10.01,80,33.9,52.3
Chennai,2024-02-03,99.51,131.31,51.44,6.87,94,30.6,75.5
Chennai,2024-02-04,61.2,116.86,34.15,4.59,69,34.2,70.8
Chennai,2024-02-05,93.14,120.8,39.13,8.83,87,31.4,50.4
Chennai,2024-02-06,73.61,129.28,32.61,10.55,79,31.3,44.4
Chennai,2024-02-07,90.54,82.28,50.3,6.42,75,31.0,53.0
Chennai,2024-02-08,79.31,155.75,33.14,5.16,90,38.5,75.7
Chennai,2024-02-09,78.81,144.41,34.4,5.2,86,29.0,73.6
Chennai,2024-02-10,114.36,109.49,43.71,10.9,95,37.4,42.7
Chennai,2024-02-11,105.47,97.81,40.31,10.27,87,39.4,67.2
Chennai,2024-02-12,76.62,125.37,33.26,7.09,79,36.7,66.5
Chennai,2024-02-13,72.3,112.69,37.82,10.85,74,27.0,70.6
Chennai,2024-02-14,97.14,106.62,32.89,14.5,85,28.8,64.6
Chennai,2024-02-15,78.49,134.63,46.12,8.25,85,30.5,78.7
Chennai,2024-02-16,72.65,140.4,40.29,10.81,83,37.8,72.5
Chennai,2024-02-17,89.97,104.81,41.8,11.67,81,29.0,49.0
Chennai,2024-02-18,66.73,82.59,50.28,6.69,63,28.8,75.5
Chennai,2024-02-19,78.3,95.15,44.57,10.91,73,31.1,73.9
Chennai,2024-02-20,79.99,127.65,38.76,14.82,83,32.1,71.1
Chennai,2024-02-21,93.57,101.26,42.51,10.98,82,29.6,77.5
Chennai,2024-02-22,88.6,109.05,37.36,11.76,81,35.6,69.3
Chennai,2024-02-23,82.97,168.13,45.38,4.3,96,29.6,62.6
Chennai,2024-02-24,94.0,129.78,46.45,12.02,91,28.4,40.4
Chennai,2024-02-25,64.39,138.77,35.37,13.86,78,26.9,48.2
Chennai,2024-02-26,107.85,130.13,34.02,11.33,97,34.9,62.2
Chennai,2024-02-27,73.7,93.28,34.47,8.64,69,24.7,75.1
Chennai,2024-02-28,108.8,114.33,41.12,12.8,94,21.6,67.8
Chennai,2024-02-29,56.54,145.69,37.14,10.54,76,24.4,59.2
Chennai,2024-03-01,74.54,126.09,47.71,16.02,81,38.8,67.1
Chennai,2024-03-02,101.18,109.94,44.14,9.98,88,35.0,43.1
Chennai,2024-03-03,80.55,113.42,43.48,12.87,79,28.8,57.6
Chennai,2024-03-04,105.31,113.88,35.57,7.47,91,27.6,48.8
Chennai,2024-03-05,105.9,135.18,34.88,15.56,98,34.3,44.7
Chennai,2024-03-06,91.98,145.55,38.48,13.6,94,18.5,63.5
Chennai,2024-03-07,75.97,100.25,40.7,4.69,72,29.7,50.4
Chennai,2024-03-08,81.14,143.34,39.03,8.89,88,30.1,72.1
Chennai,2024-03-09,65.85,65.27,39.86,15.32,58,36.3,70.6
Chennai,2024-03-10,76.59,129.86,34.51,11.19,81,25.1,66.3
Chennai,2024-03-11,82.0,118.73,35.61,7.52,80,26.9,50.9
Chennai,2024-03-12,89.06,116.76,47.84,8.42,85,27.9,42.5
Chennai,2024-03-13,47.24,140.56,43.68,9.16,71,28.3,77.5
Chennai,2024-03-14,91.39,120.73,36.98,12.65,86,23.4,79.3
Chennai,2024-03-15,95.61,97.87,41.47,5.93,81,30.4,64.3
Chennai,2024-03-16,83.22,106.83,38.42,8.72,78,25.4,50.0
Chennai,2024-03-17,86.81,146.01,34.92,10.19,91,30.3,42.7
Chennai,2024-03-18,94.25,130.67,49.06,9.75,92,24.0,59.4
Chennai,2024-03-19,90.45,141.2,28.19,6.97,91,31.3,42.5
Chennai,2024-03-20,114.81,151.1,40.29,8.06,107,28.0,71.5
Chennai,2024-03-21,74.31,107.22,37.59,7.14,73,29.0,48.2
Chennai,2024-03-22,108.42,116.03,42.56,10.95,94,28.3,70.9
Chennai,2024-03-23,97.35,121.72,39.1,19.58,91,30.0,72.9
Chennai,2024-03-24,72.87,149.51,37.16,4.51,85,29.6,71.7
Chennai,2024-03-25,112.3,144.96,37.76,13.84,104,29.1,46.3
Chennai,2024-03-26,97.04,143.05,43.28,12.5,97,26.7,76.2
Chennai,2024-03-27,79.28,115.37,35.22,11.27,78,39.3,43.3
Chennai,2024-03-28,68.34,127.31,41.21,11.56,77,29.1,56.7
Chennai,2024-03-29,68.46,132.09,39.06,12.96,79,35.1,68.8
Chennai,2024-03-30,123.29,107.45,42.98,10.81,99,30.8,61.6
Chennai,2024-03-31,69.4,146.4,46.59,9.65,84,18.8,59.8
Chennai,2024-04-01,75.43,113.67,44.96,11.64,77,25.4,73.0
Chennai,2024-04-02,81.02,116.34,38.04,7.23,79,37.8,66.0
Chennai,2024-04-03,79.82,93.35,46.22,9.69,73,36.0,79.2
Chennai,2024-04-04,71.14,130.25,34.1,13.56,79,27.6,47.0
Chennai,2024-04-05,87.77,115.76,42.62,8.47,83,34.0,65.7
Chennai,2024-04-06,86.7,162.62,35.0,7.97,96,32.8,74.8
Chennai,2024-04-07,87.54,138.35,43.34,6.36,90,34.5,76.3
Chennai,2024-04-08,94.99,161.92,39.34,7.08,100,36.0,61.9
Chennai,2024-04-09,83.14,129.02,39.68,9.44,85,25.9,41.7
Bengaluru,2024-01-01,84.98,123.81,43.55,8.69,84,32.6,70.2
Bengaluru,2024-01-02,76.16,137.81,37.37,11.98,84,28.2,44.5
Bengaluru,2024-01-03,85.61,156.84,38.88,8.95,94,30.2,52.1
Bengaluru,2024-01-04,75.6,87.99,43.9,13.15,69,26.1,41.9
Bengaluru,2024-01-05,94.45,154.37,39.48,9.49,98,30.9,42.5
Bengaluru,2024-01-06,97.68,127.15,45.82,10.8,92,33.9,73.2
Bengaluru,2024-01-07,83.14,140.26,26.48,12.03,87,27.5,71.0
Bengaluru,2024-01-08,52.89,138.0,41.15,16.32,73,25.3,65.3
Bengaluru,2024-01-09,105.0,135.16,40.38,5.19,97,29.8,59.5
Bengaluru,2024-01-10,67.8,128.84,40.72,14.44,78,34.2,60.3
Bengaluru,2024-01-11,71.16,124.29,36.29,6.04,77,28.2,45.6
Bengaluru,2024-01-12,79.99,116.04,29.66,11.36,78,25.1,51.2
Bengaluru,2024-01-13,81.84,91.33,38.45,7.74,72,33.0,60.5
Bengaluru,2024-01-14,100.76,128.07,39.1,7.66,93,30.6,64.7
Bengaluru,2024-01-15,75.91,104.64,45.38,10.06,74,41.1,79.7
Bengaluru,2024-01-16,79.84,112.62,36.74,5.87,77,22.4,56.4
Bengaluru,2024-01-17,84.81,130.81,32.09,12.69,86,29.3,50.3
Bengaluru,2024-01-18,83.05,123.58,36.93,7.88,83,33.5,55.4
Bengaluru,2024-01-19,48.62,106.34,38.94,7.04,60,31.2,43.2
Bengaluru,2024-01-20,82.1,131.0,39.16,13.68,85,37.7,54.5
Bengaluru,2024-01-21,79.52,121.18,43.54,10.7,81,36.7,69.0
Bengaluru,2024-01-22,85.36,122.01,36.28,4.91,83,28.7,59.4
Bengaluru,2024-01-23,72.87,122.74,40.8,6.92,78,38.3,66.1
Bengaluru,2024-01-24,68.16,130.34,44.23,15.52,79,28.3,51.0
Bengaluru,2024-01-25,96.21,107.55,46.96,9.25,85,33.4,76.7
Bengaluru,2024-01-26,85.15,84.61,36.53,4.49,72,37.8,64.0
Bengaluru,2024-01-27,96.79,143.57,34.55,8.77,95,26.4,75.6
Bengaluru,2024-01-28,78.13,101.79,37.85,10.15,74,31.1,65.5
Bengaluru,2024-01-29,72.97,116.94,31.58,7.58,75,36.7,54.6
Bengaluru,2024-01-30,105.68,158.99,37.69,9.86,105,26.1,41.1
Bengaluru,2024-01-31,89.69,121.33,37.82,9.67,85,31.4,46.4
Bengaluru,2024-02-01,76.0,85.16,38.23,9.72,68,32.9,75.5
Bengaluru,2024-02-02,99.2,128.67,39.46,11.34,93,23.8,61.7
Bengaluru,2024-02-03,64.75,124.99,34.1,14.72,74,32.9,73.3
Bengaluru,2024-02-04,54.68,110.51,36.06,8.14,64,30.7,50.8
Bengaluru,2024-02-05,74.67,122.62,42.47,12.88,79,22.3,45.6
Bengaluru,2024-02-06,112.91,103.05,27.35,9.14,91,36.9,64.8
Bengaluru,2024-02-07,111.23,112.52,33.62,9.91,93,28.4,61.7
Bengaluru,2024-02-08,85.71,130.87,45.43,10.29,87,32.7,45.0
Bengaluru,2024-02-09,76.08,108.25,44.37,9.63,75,25.2,79.2
Bengaluru,2024-02-10,98.89,120.57,31.13,13.79,90,26.4,70.5
Bengaluru,2024-02-11,72.24,126.45,27.9,18.15,78,29.4,74.6
Bengaluru,2024-02-12,81.28,127.39,42.61,11.94,84,33.4,48.0
Bengaluru,2024-02-13,83.49,145.04,38.98,9.59,90,35.6,60.4
Bengaluru,2024-02-14,92.04,125.65,39.91,8.83,88,36.0,67.7
Bengaluru,2024-02-15,96.46,113.6,36.26,13.44,87,27.6,51.2
Bengaluru,2024-02-16,96.6,132.1,43.63,11.55,93,26.9,70.1
Bengaluru,2024-02-17,88.83,135.82,45.91,11.75,90,32.3,64.5
Bengaluru,2024-02-18,82.0,104.28,39.18,7.77,76,26.5,54.0
Bengaluru,2024-02-19,80.28,124.1,39.33,10.09,82,32.8,52.0
Bengaluru,2024-02-20,82.52,105.66,43.3,12.81,78,21.6,49.3
Bengaluru,2024-02-21,71.11,139.5,36.85,9.54,82,33.0,76.2
Bengaluru,2024-02-22,78.63,82.0,43.18,6.28,68,29.7,54.3
Bengaluru,2024-02-23,86.81,105.03,41.68,10.02,80,34.3,58.0
Bengaluru,2024-02-24,109.71,146.94,41.05,8.53,103,33.2,72.9
Bengaluru,2024-02-25,68.15,126.93,46.85,6.53,77,29.3,71.0
Bengaluru,2024-02-26,82.42,86.86,36.53,8.77,71,26.3,69.9
Bengaluru,2024-02-27,85.14,109.76,40.08,12.87,80,23.6,42.5
Bengaluru,2024-02-28,95.28,104.98,36.71,9.09,83,21.9,73.7
Bengaluru,2024-02-29,70.66,142.91,36.68,9.52,82,33.3,76.4
Bengaluru,2024-03-01,88.86,120.34,41.33,8.25,85,16.3,65.3
Bengaluru,2024-03-02,81.04,132.88,35.92,10.57,85,28.7,70.4
Bengaluru,2024-03-03,84.43,126.43,36.91,9.05,84,31.4,41.9
Bengaluru,2024-03-04,101.21,130.68,39.38,1.5,93,28.3,58.3
Bengaluru,2024-03-05,74.94,98.15,37.46,9.56,71,25.9,72.9
Bengaluru,2024-03-06,105.04,114.67,42.41,8.89,92,38.7,75.2
Bengaluru,2024-03-07,93.36,101.2,32.23,12.45,81,30.0,69.5
Bengaluru,2024-03-08,69.82,144.18,33.16,14.64,82,24.3,48.0
Bengaluru,2024-03-09,78.47,134.78,37.28,9.51,84,28.2,50.7
Bengaluru,2024-03-10,68.42,92.25,34.33,9.35,66,14.8,56.2
Bengaluru,2024-03-11,119.69,138.49,39.9,9.21,106,28.1,67.1
Bengaluru,2024-03-12,91.76,143.91,36.38,10.36,93,35.7,79.0
Bengaluru,2024-03-13,93.69,134.72,38.23,8.28,91,28.5,53.9
Bengaluru,2024-03-14,106.89,142.69,33.24,12.01,100,31.4,58.3
Bengaluru,2024-03-15,59.69,106.39,39.48,5.07,66,27.2,42.3
Bengaluru,2024-03-16,108.67,133.74,40.26,9.38,99,24.8,49.0
Bengaluru,2024-03-17,78.17,116.69,46.41,11.67,79,22.6,72.4
Bengaluru,2024-03-18,87.55,97.12,47.89,6.49,78,32.4,53.8
Bengaluru,2024-03-19,80.39,132.45,44.94,9.77,85,26.6,45.9
Bengaluru,2024-03-20,86.23,101.38,39.22,10.11,78,31.2,49.7
Bengaluru,2024-03-21,114.35,123.34,39.05,8.93,98,27.5,61.9
Bengaluru,2024-03-22,104.64,111.97,39.58,9.4,90,22.3,48.4
Bengaluru,2024-03-23,77.66,135.05,32.01,11.39,83,38.7,42.9
Bengaluru,2024-03-24,63.7,126.57,40.21,11.65,75,25.7,76.3
Bengaluru,2024-03-25,90.59,123.74,36.79,11.46,87,37.8,49.9
Bengaluru,2024-03-26,81.39,151.25,45.88,10.7,91,22.8,70.9
Bengaluru,2024-03-27,79.6,123.43,33.75,11.81,81,33.4,69.2
Bengaluru,2024-03-28,77.57,120.4,35.64,9.94,79,26.6,66.5
Bengaluru,2024-03-29,79.02,110.57,43.72,9.46,78,25.9,55.7
Bengaluru,2024-03-30,104.27,128.51,40.75,10.3,95,32.3,54.3
Bengaluru,2024-03-31,74.23,139.41,30.15,12.68,83,23.4,47.7
Bengaluru,2024-04-01,95.51,93.11,40.16,10.64,80,28.6,51.3
Bengaluru,2024-04-02,86.19,135.37,49.88,5.31,89,37.8,51.3
Bengaluru,2024-04-03,86.22,139.31,38.55,14.23,90,27.8,59.1
Bengaluru,2024-04-04,62.93,123.52,33.74,11.09,73,34.4,48.3
Bengaluru,2024-04-05,78.44,124.02,43.55,13.8,82,28.3,73.4
Bengaluru,2024-04-06,103.34,102.42,43.4,13.58,88,21.3,57.0
Bengaluru,2024-04-07,89.64,137.68,27.21,7.81,89,25.2,52.2
Bengaluru,2024-04-08,95.09,100.94,43.33,11.39,83,21.9,53.0
Bengaluru,2024-04-09,74.79,141.23,42.9,8.62,84,24.9,76.1
Kolkata,2024-01-01,71.04,148.45,48.69,12.94,86,30.4,68.4
Kolkata,2024-01-02,67.93,129.65,37.15,11.71,77,30.7,41.7
Kolkata,2024-01-03,89.86,90.02,45.26,7.01,77,28.3,60.6
Kolkata,2024-01-04,83.9,73.94,40.79,13.25,69,35.4,58.5
Kolkata,2024-01-05,83.65,130.11,43.33,11.26,86,34.7,47.8
Kolkata,2024-01-06,70.99,94.22,33.89,13.17,68,35.3,62.5
Kolkata,2024-01-07,80.22,133.61,34.54,8.84,84,34.3,55.4
Kolkata,2024-01-08,93.09,119.07,42.27,12.32,87,25.9,72.7
Kolkata,2024-01-09,87.91,121.32,40.04,8.02,85,34.5,47.2
Kolkata,2024-01-10,86.76,125.23,46.93,7.01,86,29.7,74.6
Kolkata,2024-01-11,73.32,103.14,43.47,8.82,72,36.5,50.0
Kolkata,2024-01-12,89.81,142.67,49.67,10.21,93,28.1,51.5
Kolkata,2024-01-13,65.16,93.43,32.39,13.34,65,28.3,42.7
Kolkata,2024-01-14,103.66,106.45,44.66,15.44,89,28.2,53.3
Kolkata,2024-01-15,78.36,109.59,40.8,11.51,77,37.2,48.0
Kolkata,2024-01-16,102.48,151.01,37.53,9.12,101,29.0,51.1
Kolkata,2024-01-17,85.96,119.67,40.16,7.72,83,30.6,69.5
Kolkata,2024-01-18,66.99,107.82,48.51,6.68,71,23.5,50.6
Kolkata,2024-01-19,79.65,91.73,35.39,6.99,71,32.9,64.1
Kolkata,2024-01-20,81.99,119.09,40.93,10.59,81,27.8,64.9
Kolkata,2024-01-21,61.51,137.39,44.06,6.56,77,36.0,52.5
Kolkata,2024-01-22,104.12,133.95,32.32,9.36,96,33.4,63.5
Kolkata,2024-01-23,96.81,144.27,38.85,9.87,96,24.3,58.0
Kolkata,2024-01-24,88.86,118.72,42.49,8.84,85,34.1,66.9
Kolkata,2024-01-25,80.85,117.47,41.13,8.89,80,31.3,50.3
Kolkata,2024-01-26,93.64,154.55,37.54,10.05,97,31.6,64.5
Kolkata,2024-01-27,61.92,134.83,37.49,10.79,76,33.4,69.5
Kolkata,2024-01-28,77.83,107.11,35.65,15.12,76,30.4,64.3
Kolkata,2024-01-29,72.7,125.91,42.5,11.42,79,32.3,48.0
Kolkata,2024-01-30,92.59,149.5,43.41,10.46,96,40.4,42.7
Kolkata,2024-01-31,91.75,117.01,45.36,17.09,87,27.9,75.8
Kolkata,2024-02-01,60.83,143.38,43.21,16.42,79,28.0,49.9
Kolkata,2024-02-02,72.51,155.67,49.96,7.7,88,28.9,57.8
Kolkata,2024-02-03,94.54,107.51,40.02,12.38,84,31.5,44.2
Kolkata,2024-02-04,74.3,150.23,33.72,12.44,86,30.1,42.8
Kolkata,2024-02-05,77.55,132.25,34.81,10.41,82,32.3,67.4
Kolkata,2024-02-06,76.83,109.2,34.57,7.52,75,46.1,54.3
Kolkata,2024-02-07,100.52,142.46,37.67,8.0,97,36.3,76.6
Kolkata,2024-02-08,80.02,128.08,40.43,3.34,82,30.0,62.1
Kolkata,2024-02-09,69.18,93.55,40.07,11.25,67,35.3,73.5
Kolkata,2024-02-10,88.3,133.74,50.28,6.61,89,33.3,47.2
Kolkata,2024-02-11,68.15,100.9,43.72,10.34,69,39.5,46.5
Kolkata,2024-02-12,71.46,96.51,38.91,9.07,69,42.8,49.8
Kolkata,2024-02-13,88.64,118.8,37.04,7.79,84,27.1,78.4
Kolkata,2024-02-14,97.52,163.53,32.07,4.36,101,39.8,68.1
Kolkata,2024-02-15,88.09,121.81,33.51,13.05,85,29.1,65.3
Kolkata,2024-02-16,67.09,123.55,35.37,10.77,75,25.7,67.7
Kolkata,2024-02-17,76.23,112.42,33.58,9.6,76,30.9,60.3
Kolkata,2024-02-18,77.9,120.92,53.1,6.66,81,37.2,50.1
Kolkata,2024-02-19,97.4,146.85,40.66,11.08,97,31.4,59.4
Kolkata,2024-02-20,98.95,109.49,33.4,9.39,86,25.6,55.5
Kolkata,2024-02-21,81.6,116.53,44.7,11.49,81,29.7,42.7
Kolkata,2024-02-22,73.5,126.31,46.0,8.52,80,20.0,48.8
Kolkata,2024-02-23,91.95,97.03,32.65,9.44,79,26.1,58.6
Kolkata,2024-02-24,96.16,147.66,43.26,6.59,97,28.1,72.2
Kolkata,2024-02-25,82.65,127.57,47.57,14.19,85,31.1,70.1
Kolkata,2024-02-26,84.06,150.45,42.05,7.42,92,35.9,46.8
Kolkata,2024-02-27,93.32,125.3,39.41,11.07,89,29.9,70.3
Kolkata,2024-02-28,108.4,143.75,40.95,12.82,102,23.5,59.0
Kolkata,2024-02-29,88.92,102.6,44.67,8.11,80,23.5,49.7
Kolkata,2024-03-01,77.44,94.29,40.08,12.71,72,23.9,72.9
Kolkata,2024-03-02,105.84,144.61,42.98,12.78,101,22.9,50.6
Kolkata,2024-03-03,85.68,133.55,34.12,7.31,87,31.3,48.7
Kolkata,2024-03-04,68.92,92.0,43.09,13.13,67,30.9,71.1
Kolkata,2024-03-05,72.75,134.2,41.3,8.38,81,23.2,41.2
Kolkata,2024-03-06,53.81,115.95,42.46,8.39,66,28.5,66.7
Kolkata,2024-03-07,93.49,116.6,38.35,12.2,86,29.8,50.0
Kolkata,2024-03-08,88.09,108.53,40.63,13.48,82,24.0,72.3
Kolkata,2024-03-09,68.15,117.84,39.8,9.6,74,29.7,52.5
Kolkata,2024-03-10,104.92,98.73,43.46,14.0,87,31.2,41.6
Kolkata,2024-03-11,89.3,144.62,50.06,13.07,94,29.2,63.2
Kolkata,2024-03-12,99.23,158.22,37.54,5.94,101,25.2,63.9
Kolkata,2024-03-13,89.11,80.88,43.13,12.66,74,25.0,58.2
Kolkata,2024-03-14,85.5,146.71,45.86,11.67,92,27.2,46.7
Kolkata,2024-03-15,113.14,123.03,45.06,14.02,99,24.3,65.4
Kolkata,2024-03-16,76.47,98.88,41.87,8.81,72,37.2,66.7
Kolkata,2024-03-17,78.77,129.89,47.77,12.56,84,30.2,78.4
Kolkata,2024-03-18,90.8,103.47,55.31,6.69,82,26.6,62.9
Kolkata,2024-03-19,89.69,119.03,48.78,14.72,86,25.9,41.3
Kolkata,2024-03-20,81.69,107.01,39.25,12.79,78,29.6,75.3
Kolkata,2024-03-21,67.04,135.65,43.15,7.59,79,32.9,79.9
Kolkata,2024-03-22,74.58,129.01,40.37,13.58,81,27.9,42.5
Kolkata,2024-03-23,76.35,119.35,38.97,7.76,78,27.7,50.7
Kolkata,2024-03-24,60.92,89.28,37.69,8.16,61,33.9,52.0
Kolkata,2024-03-25,76.89,116.32,36.15,6.11,77,26.5,48.4
Kolkata,2024-03-26,86.97,115.81,41.66,12.64,83,26.9,46.2
Kolkata,2024-03-27,83.83,106.47,42.87,4.64,78,27.2,63.2
Kolkata,2024-03-28,88.87,100.17,40.09,5.72,79,33.0,59.5
Kolkata,2024-03-29,83.19,106.86,44.58,8.35,78,28.6,58.3
Kolkata,2024-03-30,74.92,134.4,48.21,13.39,83,32.7,74.5
Kolkata,2024-03-31,90.41,85.05,38.61,12.54,75,29.2,69.7
Kolkata,2024-04-01,63.47,57.14,32.66,8.73,53,34.7,74.4
Kolkata,2024-04-02,59.04,105.19,47.81,9.18,66,28.5,78.1
Kolkata,2024-04-03,80.15,128.96,33.72,8.95,83,43.3,65.8
Kolkata,2024-04-04,89.13,93.43,47.38,6.5,77,31.1,47.4
Kolkata,2024-04-05,68.29,105.63,36.42,11.33,70,27.9,51.4
Kolkata,2024-04-06,68.23,128.25,46.09,8.46,78,26.6,62.3
Kolkata,2024-04-07,81.39,131.91,42.34,11.56,85,25.5,48.8
Kolkata,2024-04-08,91.03,117.76,35.81,7.34,85,33.2,70.0
Kolkata,2024-04-09,103.38,121.12,34.08,7.86,92,29.3,59.4
Hyderabad,2024-01-01,65.95,106.64,41.46,9.44,70,18.8,70.4
Hyderabad,2024-01-02,48.24,119.15,33.93,15.82,64,23.1,80.0
Hyderabad,2024-01-03,72.21,147.85,38.07,11.15,85,31.0,64.6
Hyderabad,2024-01-04,48.19,120.55,44.43,8.05,65,30.4,41.4
Hyderabad,2024-01-05,48.94,154.65,38.56,10.86,75,30.3,49.5
Hyderabad,2024-01-06,73.89,125.18,35.53,7.56,78,27.9,55.2
Hyderabad,2024-01-07,73.55,145.38,37.32,11.08,85,27.1,67.1
Hyderabad,2024-01-08,91.72,135.14,40.57,8.08,91,30.1,40.8
Hyderabad,2024-01-09,81.87,146.24,36.41,12.24,89,30.0,78.5
Hyderabad,2024-01-10,79.49,130.47,40.98,12.09,84,23.8,67.1
Hyderabad,2024-01-11,93.54,111.29,35.55,12.87,84,35.6,79.6
Hyderabad,2024-01-12,102.64,98.67,33.6,9.67,85,27.3,50.4
Hyderabad,2024-01-13,95.55,111.15,43.2,9.43,86,33.1,46.0
Hyderabad,2024-01-14,63.43,119.42,42.42,5.05,72,31.6,58.8
Hyderabad,2024-01-15,98.79,136.11,42.33,14.56,95,26.9,56.1
Hyderabad,2024-01-16,106.96,115.2,42.97,6.69,93,36.3,47.6
Hyderabad,2024-01-17,72.87,99.51,46.12,9.22,71,33.5,61.3
Hyderabad,2024-01-18,72.29,119.43,30.75,12.34,76,23.7,57.4
Hyderabad,2024-01-19,94.57,122.84,46.32,7.46,89,34.6,72.8
Hyderabad,2024-01-20,83.95,158.95,44.05,9.35,94,36.2,53.1
Hyderabad,2024-01-21,79.16,122.67,34.35,17.24,81,39.5,41.3
Hyderabad,2024-01-22,90.08,129.31,50.4,4.77,89,34.9,77.5
Hyderabad,2024-01-23,52.48,103.67,37.93,15.66,62,34.8,50.1
Hyderabad,2024-01-24,61.12,83.61,45.14,11.29,61,34.2,59.1
Hyderabad,2024-01-25,61.89,93.02,37.08,13.12,63,24.4,73.6
Hyderabad,2024-01-26,38.77,109.89,33.49,11.45,56,34.3,55.4
Hyderabad,2024-01-27,53.25,113.27,40.95,11.35,65,29.4,59.0
Hyderabad,2024-01-28,81.87,98.13,38.44,10.48,75,32.2,62.5
Hyderabad,2024-01-29,76.26,124.53,35.19,9.38,79,35.0,66.5
Hyderabad,2024-01-30,83.8,116.83,36.85,3.44,80,37.6,73.3
Hyderabad,2024-01-31,87.88,145.14,33.14,7.87,91,30.4,56.5
Hyderabad,2024-02-01,69.79,144.39,46.43,9.5,83,28.4,47.3
Hyderabad,2024-02-02,86.36,114.62,39.53,8.41,82,24.1,60.1
Hyderabad,2024-02-03,86.47,128.39,38.72,14.11,87,38.8,56.1
Hyderabad,2024-02-04,84.73,154.0,36.33,15.45,93,35.4,45.9
Hyderabad,2024-02-05,90.05,124.44,46.27,9.3,87,37.3,55.2
Hyderabad,2024-02-06,79.01,127.64,39.72,13.66,83,21.6,62.9
Hyderabad,2024-02-07,84.0,116.97,39.57,14.52,82,27.8,53.8
Hyderabad,2024-02-08,97.53,133.19,39.35,11.74,93,27.6,79.6
Hyderabad,2024-02-09,94.78,123.03,38.32,13.85,89,36.5,44.8
Hyderabad,2024-02-10,62.6,133.05,42.25,4.39,75,25.1,46.8
Hyderabad,2024-02-11,77.8,151.56,37.62,7.48,88,29.7,40.7
Hyderabad,2024-02-12,97.83,154.79,37.58,8.16,99,33.1,77.1
Hyderabad,2024-02-13,76.78,109.84,39.47,10.25,76,27.9,55.7
Hyderabad,2024-02-14,83.29,113.53,39.55,9.89,80,21.8,79.0
Hyderabad,2024-02-15,104.67,87.12,41.7,6.94,83,35.0,76.2
Hyderabad,2024-02-16,95.0,79.3,39.5,8.19,76,32.3,49.0
Hyderabad,2024-02-17,89.4,134.59,37.26,4.04,89,27.0,74.8
Hyderabad,2024-02-18,38.8,114.42,34.81,5.11,57,23.7,62.9
Hyderabad,2024-02-19,84.09,134.13,43.57,9.48,87,28.9,50.7
Hyderabad,2024-02-20,65.18,86.96,38.05,10.47,63,29.1,67.9
Hyderabad,2024-02-21,76.31,132.54,34.31,11.57,82,27.9,75.8
Hyderabad,2024-02-22,67.57,107.03,32.67,8.5,70,34.2,66.9
Hyderabad,2024-02-23,90.38,114.61,45.91,11.45,85,25.8,54.4
Hyderabad,2024-02-24,64.75,140.03,44.46,15.49,80,27.1,58.7
Hyderabad,2024-02-25,93.43,95.92,48.83,4.49,80,25.1,62.6
Hyderabad,2024-02-26,77.22,130.99,40.93,11.28,83,30.0,71.2
Hyderabad,2024-02-27,102.03,135.55,36.38,11.76,96,26.8,44.1
Hyderabad,2024-02-28,96.41,131.34,45.92,6.47,92,37.0,67.3
Hyderabad,2024-02-29,105.8,87.95,49.14,12.75,85,24.7,49.1
Hyderabad,2024-03-01,67.25,137.55,46.85,12.09,80,29.9,74.0
Hyderabad,2024-03-02,68.23,116.72,29.43,9.37,73,31.1,58.6
Hyderabad,2024-03-03,67.04,160.71,33.6,10.57,86,33.4,78.6
Hyderabad,2024-03-04,64.33,154.96,49.76,7.68,84,28.3,43.6
Hyderabad,2024-03-05,58.17,143.73,39.14,12.32,77,30.4,51.7
Hyderabad,2024-03-06,72.25,160.63,41.22,10.33,89,28.9,67.1
Hyderabad,2024-03-07,88.81,125.6,35.59,7.86,86,34.0,63.7
Hyderabad,2024-03-08,104.9,145.98,33.77,4.09,100,31.6,45.4
Hyderabad,2024-03-09,86.87,135.65,38.92,7.38,88,32.4,44.7
Hyderabad,2024-03-10,94.27,96.81,36.21,10.07,80,26.5,74.0
Hyderabad,2024-03-11,84.69,133.88,35.69,10.09,87,17.2,64.3
Hyderabad,2024-03-12,96.7,95.06,37.02,9.15,81,24.9,43.9
Hyderabad,2024-03-13,104.88,73.12,46.38,11.01,80,22.0,56.1
Hyderabad,2024-03-14,67.52,147.04,45.71,7.62,83,26.0,65.3
Hyderabad,2024-03-15,86.95,102.44,45.5,13.18,80,30.7,60.0
Hyderabad,2024-03-16,89.17,137.9,47.2,8.62,91,19.4,64.7
Hyderabad,2024-03-17,78.38,131.37,39.73,7.05,83,33.7,43.4
Hyderabad,2024-03-18,118.65,146.69,51.39,11.97,109,21.8,72.8
Hyderabad,2024-03-19,83.86,111.33,34.54,12.5,80,32.8,75.9
Hyderabad,2024-03-20,60.76,130.06,46.43,7.59,74,35.1,65.6
Hyderabad,2024-03-21,63.51,120.22,42.51,15.39,73,31.9,40.8
Hyderabad,2024-03-22,80.41,115.76,39.22,12.3,80,33.5,53.3
Hyderabad,2024-03-23,69.63,155.85,38.58,14.77,86,31.9,50.0
Hyderabad,2024-03-24,82.1,127.68,35.11,9.74,83,30.3,42.5
Hyderabad,2024-03-25,85.38,80.79,42.29,7.06,71,23.0,44.6
Hyderabad,2024-03-26,58.94,119.13,44.8,14.75,71,23.3,57.7
Hyderabad,2024-03-27,76.41,127.0,42.0,10.39,81,28.6,64.1
Hyderabad,2024-03-28,66.42,87.55,47.45,7.5,64,27.3,55.7
Hyderabad,2024-03-29,91.99,108.95,50.83,13.57,85,30.3,53.8
Hyderabad,2024-03-30,99.85,127.26,46.95,10.37,93,25.4,76.3
Hyderabad,2024-03-31,60.85,107.54,39.63,9.77,67,39.3,43.2
Hyderabad,2024-04-01,63.76,147.69,41.59,9.86,81,25.4,65.2
Hyderabad,2024-04-02,91.97,135.08,40.98,9.7,91,31.9,63.2
Hyderabad,2024-04-03,46.67,127.46,42.36,14.14,67,29.4,78.0
Hyderabad,2024-04-04,74.58,115.7,49.96,7.5,77,27.2,64.0
Hyderabad,2024-04-05,82.54,119.11,44.04,9.12,82,22.9,41.9
Hyderabad,2024-04-06,91.19,132.2,31.12,13.19,89,31.5,73.0
Hyderabad,2024-04-07,105.62,148.7,42.87,5.44,102,39.1,78.3
Hyderabad,2024-04-08,118.99,141.7,42.87,6.17,106,24.1,42.4
Hyderabad,2024-04-09,89.34,151.97,42.77,5.37,95,31.3,66.7
Pune,2024-01-01,78.33,103.9,38.06,8.76,75,27.6,42.0
Pune,2024-01-02,61.22,125.76,27.51,2.87,71,28.4,73.6
Pune,2024-01-03,80.38,96.65,48.48,15.69,75,31.0,78.4
Pune,2024-01-04,95.5,162.19,42.98,8.54,101,34.5,43.1
Pune,2024-01-05,78.83,118.54,40.26,6.82,79,26.9,79.6
Pune,2024-01-06,60.98,126.58,40.66,9.0,73,25.6,62.2
Pune,2024-01-07,97.6,147.97,38.49,2.19,97,29.0,53.4
Pune,2024-01-08,79.39,122.49,42.54,7.25,81,36.6,55.7
Pune,2024-01-09,75.49,116.05,42.48,8.39,77,33.6,59.0
Pune,2024-01-10,109.48,102.41,33.44,11.51,89,29.4,73.2
Pune,2024-01-11,72.97,92.95,41.61,9.82,69,33.7,53.4
Pune,2024-01-12,72.55,109.36,48.0,13.6,75,32.8,72.2
Pune,2024-01-13,68.67,128.97,46.4,3.35,77,33.9,79.9
Pune,2024-01-14,43.25,128.49,35.86,7.0,64,30.1,46.3
Pune,2024-01-15,71.97,97.08,39.01,16.2,70,22.4,63.8
Pune,2024-01-16,64.98,96.99,41.32,17.71,67,24.9,62.8
Pune,2024-01-17,90.98,104.39,39.75,9.52,81,33.4,50.4
Pune,2024-01-18,102.62,132.98,48.89,11.97,97,36.0,64.4
Pune,2024-01-19,64.23,120.0,37.34,5.3,72,33.6,51.5
Pune,2024-01-20,118.62,120.73,38.86,12.98,100,27.4,41.0
Pune,2024-01-21,90.61,123.26,39.43,6.1,86,33.1,62.0
Pune,2024-01-22,69.7,132.43,27.45,9.89,78,32.2,40.9
Pune,2024-01-23,84.54,142.37,41.12,12.71,90,30.5,70.0
Pune,2024-01-24,100.83,123.81,44.13,8.28,92,28.0,47.9
Pune,2024-01-25,68.97,99.64,50.62,13.99,70,41.6,43.3
Pune,2024-01-26,62.91,91.22,40.47,7.84,63,24.2,72.5
Pune,2024-01-27,97.33,133.12,51.52,5.56,94,38.3,77.3
Pune,2024-01-28,98.55,134.07,38.18,9.17,94,34.2,48.8
Pune,2024-01-29,112.15,121.13,43.91,7.63,97,28.0,56.4
Pune,2024-01-30,97.68,132.35,40.94,13.01,93,28.4,70.6
Pune,2024-01-31,66.71,115.52,45.97,12.68,73,25.0,60.2
Pune,2024-02-01,86.82,107.5,31.1,13.87,80,35.6,49.3
Pune,2024-02-02,58.46,108.62,42.98,8.1,66,30.5,70.1
Pune,2024-02-03,92.81,91.16,34.22,9.93,78,28.0,44.4
Pune,2024-02-04,69.53,99.08,41.29,10.64,69,35.4,74.3
Pune,2024-02-05,75.28,110.1,42.12,10.99,75,32.2,67.3
Pune,2024-02-06,81.91,79.71,40.8,16.64,70,29.6,72.1
Pune,2024-02-07,70.93,118.9,41.7,13.61,76,35.1,72.5
Pune,2024-02-08,79.77,128.29,45.15,12.62,84,25.4,74.9
Pune,2024-02-09,94.25,117.49,49.03,8.95,88,36.3,46.7
Pune,2024-02-10,84.68,146.18,43.02,7.45,91,43.3,58.4
Pune,2024-02-11,86.02,129.22,41.89,8.22,86,32.4,73.6
Pune,2024-02-12,100.37,142.83,44.36,9.05,98,27.8,56.3
Pune,2024-02-13,87.14,123.17,40.94,5.84,85,34.5,50.0
Pune,2024-02-14,80.09,127.91,37.38,14.06,83,32.5,54.8
Pune,2024-02-15,82.84,94.43,33.73,1.83,73,35.0,75.2
Pune,2024-02-16,130.95,168.0,39.09,9.68,120,35.1,56.6
Pune,2024-02-17,107.9,149.87,38.09,11.53,103,27.6,65.9
Pune,2024-02-18,64.4,75.6,44.29,7.52,60,19.8,63.8
Pune,2024-02-19,84.63,121.9,40.11,9.31,83,32.8,42.2
Pune,2024-02-20,76.94,95.04,36.43,11.56,71,31.2,57.2
Pune,2024-02-21,85.07,122.72,34.79,6.3,83,22.0,64.9
Pune,2024-02-22,73.81,128.66,46.26,8.66,80,25.9,67.0
Pune,2024-02-23,53.12,144.89,40.14,9.36,74,36.8,79.6
Pune,2024-02-24,87.53,121.94,35.93,12.47,85,30.2,74.3
Pune,2024-02-25,83.01,127.97,37.19,5.74,84,26.4,72.8
Pune,2024-02-26,97.83,112.29,36.09,7.72,86,20.0,56.7
Pune,2024-02-27,89.92,140.68,38.49,9.95,92,33.4,53.2
Pune,2024-02-28,80.65,115.79,34.79,6.48,79,31.0,44.9
Pune,2024-02-29,74.69,104.54,41.6,11.46,74,26.2,61.8
Pune,2024-03-01,91.79,114.15,41.29,9.28,85,28.5,70.8
Pune,2024-03-02,78.17,109.66,35.55,7.44,76,21.1,55.7
Pune,2024-03-03,64.84,125.67,35.54,11.54,74,28.5,71.9
Pune,2024-03-04,53.62,138.33,46.5,10.49,74,22.3,43.5
Pune,2024-03-05,64.23,86.7,38.09,9.63,62,26.2,77.9
Pune,2024-03-06,65.49,130.67,37.25,13.94,77,25.3,53.7
Pune,2024-03-07,65.66,132.39,45.91,11.44,78,27.1,52.5
Pune,2024-03-08,75.43,94.64,46.6,10.89,71,22.6,72.6
Pune,2024-03-09,68.88,116.51,36.93,7.87,73,32.9,64.0
Pune,2024-03-10,62.87,103.06,47.02,8.54,67,30.7,58.8
Pune,2024-03-11,75.63,132.67,46.48,6.68,82,26.2,64.4
Pune,2024-03-12,81.28,110.76,33.08,8.39,78,26.7,76.4
Pune,2024-03-13,83.49,118.57,38.14,7.81,81,29.6,75.4
Pune,2024-03-14,108.45,153.83,52.07,8.59,106,25.9,76.7
Pune,2024-03-15,67.24,93.42,36.3,13.58,66,32.8,42.0
Pune,2024-03-16,87.4,118.19,31.65,12.23,83,23.9,76.8
Pune,2024-03-17,56.14,105.23,39.68,11.61,64,17.1,76.4
Pune,2024-03-18,81.42,153.35,41.99,8.38,91,33.5,57.3
Pune,2024-03-19,78.0,143.15,46.97,12.13,87,30.4,55.8
Pune,2024-03-20,89.64,120.67,37.15,8.34,85,38.0,70.0
Pune,2024-03-21,103.88,95.06,42.93,7.79,85,21.3,51.7
Pune,2024-03-22,87.33,120.91,48.32,7.35,85,15.5,75.9
Pune,2024-03-23,111.93,127.76,38.27,5.17,98,27.2,40.0
Pune,2024-03-24,79.1,138.37,34.06,10.54,85,34.7,46.1
Pune,2024-03-25,94.27,153.92,44.44,12.28,98,29.0,53.7
Pune,2024-03-26,90.07,111.97,40.98,13.02,84,26.1,63.9
Pune,2024-03-27,75.35,75.63,37.94,12.74,65,31.6,47.3
Pune,2024-03-28,90.77,99.32,38.74,10.94,80,38.3,65.4
Pune,2024-03-29,75.69,111.29,39.54,9.28,76,34.8,66.7
Pune,2024-03-30,87.25,135.33,39.58,11.0,89,30.2,61.1
Pune,2024-03-31,75.38,130.86,41.56,4.33,81,39.5,46.7
Pune,2024-04-01,103.91,152.8,32.52,10.23,102,30.2,63.7
Pune,2024-04-02,93.12,102.69,46.81,14.92,83,45.5,53.4
Pune,2024-04-03,67.8,95.47,40.45,8.43,67,32.4,43.4
Pune,2024-04-04,113.55,108.27,31.55,8.59,93,20.1,77.3
Pune,2024-04-05,96.02,123.89,44.1,13.55,90,25.8,41.5
Pune,2024-04-06,53.63,117.43,48.22,11.08,67,25.9,78.9
Pune,2024-04-07,84.38,171.7,41.89,9.7,98,22.4,57.2
Pune,2024-04-08,77.58,136.59,40.11,5.78,84,25.6,41.5
Pune,2024-04-09,87.93,147.51,38.94,8.44,92,22.7,41.6
Ahmedabad,2024-01-01,112.55,91.53,30.74,12.35,88,26.6,54.7
Ahmedabad,2024-01-02,75.28,124.39,38.37,10.84,79,35.2,68.0
Ahmedabad,2024-01-03,93.03,91.76,34.24,1.48,77,26.2,52.7
Ahmedabad,2024-01-04,94.5,137.59,39.85,12.78,93,41.4,50.0
Ahmedabad,2024-01-05,94.19,111.86,43.5,18.44,86,30.0,64.1
Ahmedabad,2024-01-06,86.15,124.91,37.3,10.37,85,34.2,45.0
Ahmedabad,2024-01-07,102.23,129.21,44.81,9.29,95,34.5,64.9
Ahmedabad,2024-01-08,84.54,112.36,36.16,12.29,80,36.5,52.0
Ahmedabad,2024-01-09,88.98,106.23,32.31,9.57,80,28.8,53.0
Ahmedabad,2024-01-10,82.15,96.89,39.48,9.13,75,29.3,70.8
Ahmedabad,2024-01-11,105.68,82.17,46.56,9.33,83,35.5,55.5
Ahmedabad,2024-01-12,81.75,116.84,40.81,10.5,81,33.4,54.5
Ahmedabad,2024-01-13,78.9,124.91,46.17,6.9,82,34.4,69.5
Ahmedabad,2024-01-14,71.8,117.29,36.88,7.06,75,26.1,79.3
Ahmedabad,2024-01-15,100.97,138.28,39.69,10.73,97,30.1,74.8
Ahmedabad,2024-01-16,101.1,107.08,34.53,8.24,86,38.8,64.3
Ahmedabad,2024-01-17,105.24,113.19,38.79,4.33,90,29.5,56.0
Ahmedabad,2024-01-18,65.25,123.07,36.82,15.05,74,36.8,56.8
Ahmedabad,2024-01-19,69.87,153.84,38.78,10.01,85,37.2,41.5
Ahmedabad,2024-01-20,100.03,123.84,39.79,10.2,92,18.3,76.4
Ahmedabad,2024-01-21,90.28,153.57,41.91,10.93,96,24.3,55.4
Ahmedabad,2024-01-22,41.59,105.52,39.83,3.4,56,38.6,75.1
Ahmedabad,2024-01-23,89.0,111.33,36.75,10.25,82,32.1,51.6
Ahmedabad,2024-01-24,88.35,143.84,39.51,7.15,91,29.0,45.2
Ahmedabad,2024-01-25,96.0,106.72,32.29,9.52,84,29.6,77.6
Ahmedabad,2024-01-26,66.76,94.42,39.69,9.7,66,36.9,68.4
Ahmedabad,2024-01-27,85.48,110.86,35.77,8.25,80,29.6,58.7
Ahmedabad,2024-01-28,86.74,94.9,49.67,9.52,77,36.6,61.4
Ahmedabad,2024-01-29,45.6,111.2,45.49,5.3,61,16.9,51.1
Ahmedabad,2024-01-30,90.02,88.22,43.02,7.97,76,24.0,80.0
Ahmedabad,2024-01-31,83.16,108.67,42.47,1.44,78,27.5,43.5
Ahmedabad,2024-02-01,64.66,118.05,42.15,12.54,73,32.5,40.2
Ahmedabad,2024-02-02,82.28,132.45,49.28,8.55,86,33.3,61.3
Ahmedabad,2024-02-03,54.59,97.8,38.32,17.53,62,31.4,49.1
Ahmedabad,2024-02-04,109.73,129.75,41.38,10.03,98,23.7,70.9
Ahmedabad,2024-02-05,102.08,113.47,34.35,7.45,89,21.9,71.3
Ahmedabad,2024-02-06,103.6,119.88,30.79,12.68,92,28.4,49.0
Ahmedabad,2024-02-07,92.33,87.14,40.16,1.29,76,34.2,78.7
Ahmedabad,2024-02-08,98.03,125.73,41.05,6.73,91,32.3,68.7
Ahmedabad,2024-02-09,97.48,106.42,38.81,3.22,84,26.5,74.7
Ahmedabad,2024-02-10,93.39,115.76,39.7,11.48,86,32.4,67.5
Ahmedabad,2024-02-11,52.12,140.43,35.5,5.28,72,24.7,52.6
Ahmedabad,2024-02-12,51.77,119.65,37.01,7.1,66,30.3,57.8
Ahmedabad,2024-02-13,87.61,127.51,40.23,12.34,87,25.0,68.6
Ahmedabad,2024-02-14,70.51,125.82,37.71,10.56,77,38.0,48.4
Ahmedabad,2024-02-15,91.33,119.02,46.03,8.67,86,28.6,78.1
Ahmedabad,2024-02-16,100.4,91.3,34.72,10.38,82,25.2,48.5
Ahmedabad,2024-02-17,70.46,154.88,36.41,8.24,86,23.8,55.6
Ahmedabad,2024-02-18,72.95,136.56,39.02,8.61,82,30.1,71.1
Ahmedabad,2024-02-19,56.26,123.99,40.53,14.18,70,24.5,52.5
Ahmedabad,2024-02-20,84.82,115.27,39.9,9.68,81,35.7,70.6
Ahmedabad,2024-02-21,66.4,140.78,37.05,8.6,80,20.5,69.1
Ahmedabad,2024-02-22,92.82,99.01,43.77,10.6,81,31.7,62.7
Ahmedabad,2024-02-23,72.97,118.11,31.16,12.58,76,20.2,75.6
Ahmedabad,2024-02-24,111.93,142.66,36.73,10.08,103,28.9,52.4
Ahmedabad,2024-02-25,59.02,122.55,33.28,6.54,70,24.8,58.6
Ahmedabad,2024-02-26,88.86,136.56,41.14,9.03,90,31.8,44.6
Ahmedabad,2024-02-27,93.05,142.98,42.23,15.58,95,33.7,58.3
Ahmedabad,2024-02-28,75.02,122.97,36.64,10.67,79,20.0,61.8
Ahmedabad,2024-02-29,74.76,130.43,36.14,8.5,80,30.8,44.2
Ahmedabad,2024-03-01,47.43,163.24,41.48,7.67,77,29.3,65.0
Ahmedabad,2024-03-02,85.69,114.32,36.92,11.73,82,27.7,64.4
Ahmedabad,2024-03-03,90.82,138.88,41.62,8.4,92,32.5,53.6
Ahmedabad,2024-03-04,62.79,128.94,39.18,12.29,75,30.8,79.0
Ahmedabad,2024-03-05,90.51,144.0,35.6,11.05,93,27.6,41.6
Ahmedabad,2024-03-06,95.95,144.23,37.72,8.88,95,37.4,42.2
Ahmedabad,2024-03-07,67.42,72.68,41.0,11.83,60,29.4,42.6
Ahmedabad,2024-03-08,54.11,121.32,41.15,3.43,67,26.4,67.3
Ahmedabad,2024-03-09,102.23,141.64,35.5,6.6,97,29.8,41.6
Ahmedabad,2024-03-10,70.79,142.79,41.32,9.62,83,32.8,58.4
Ahmedabad,2024-03-11,86.9,111.57,37.23,12.09,81,33.9,75.1
Ahmedabad,2024-03-12,79.46,129.06,32.11,9.36,82,33.9,53.7
Ahmedabad,2024-03-13,70.43,124.88,42.4,14.49,78,25.5,47.4
Ahmedabad,2024-03-14,76.19,125.4,36.87,10.29,80,25.1,72.8
Ahmedabad,2024-03-15,66.34,96.3,32.24,11.99,66,34.0,69.7
Ahmedabad,2024-03-16,111.49,101.85,43.15,7.39,91,26.4,45.2
Ahmedabad,2024-03-17,96.55,131.39,40.54,11.16,92,29.7,64.7
Ahmedabad,2024-03-18,103.11,137.22,44.9,11.91,98,30.4,51.4
Ahmedabad,2024-03-19,62.98,144.2,34.03,10.86,79,24.0,49.4
Ahmedabad,2024-03-20,92.25,140.44,39.94,8.62,93,26.4,70.4
Ahmedabad,2024-03-21,97.22,123.23,41.98,7.13,90,25.4,67.3
Ahmedabad,2024-03-22,77.17,152.58,42.7,8.48,89,19.2,56.2
Ahmedabad,2024-03-23,69.72,96.23,32.08,11.24,68,27.5,75.8
Ahmedabad,2024-03-24,89.84,129.19,36.29,9.85,88,31.1,77.8
Ahmedabad,2024-03-25,66.4,144.52,37.05,7.19,80,27.8,71.8
Ahmedabad,2024-03-26,70.56,100.53,42.71,14.04,71,22.5,61.5
Ahmedabad,2024-03-27,102.0,146.33,33.06,12.29,99,28.7,75.6
Ahmedabad,2024-03-28,76.09,147.83,41.27,13.27,87,35.1,79.2
Ahmedabad,2024-03-29,95.54,110.77,41.08,9.09,86,28.1,65.2
Ahmedabad,2024-03-30,95.94,89.11,30.33,13.21,79,25.4,77.4
Ahmedabad,2024-03-31,90.05,135.29,39.5,9.83,90,31.5,65.3
Ahmedabad,2024-04-01,81.08,104.46,44.36,14.35,77,22.4,45.8
Ahmedabad,2024-04-02,76.54,136.79,34.65,15.16,84,25.2,40.7
Ahmedabad,2024-04-03,87.94,118.83,42.17,7.94,84,25.6,66.5
Ahmedabad,2024-04-04,106.48,124.04,37.02,9.1,95,34.0,55.1
Ahmedabad,2024-04-05,75.98,118.72,36.69,10.08,78,30.6,56.6
Ahmedabad,2024-04-06,76.3,140.47,41.05,7.05,85,30.2,73.7
Ahmedabad,2024-04-07,96.61,159.4,37.7,7.69,100,33.1,54.4
Ahmedabad,2024-04-08,75.7,127.84,42.73,3.49,80,30.5,72.6
Ahmedabad,2024-04-09,87.32,151.46,38.42,12.78,94,31.8,56.4
Jaipur,2024-01-01,104.53,146.23,34.54,9.24,100,28.3,48.5
Jaipur,2024-01-02,87.39,102.53,45.74,6.24,79,30.2,78.4
Jaipur,2024-01-03,101.73,109.83,40.28,9.07,88,36.0,40.3
Jaipur,2024-01-04,37.59,153.22,37.07,15.0,69,28.3,49.3
Jaipur,2024-01-05,85.54,145.39,36.66,7.8,90,36.0,56.6
Jaipur,2024-01-06,86.63,132.2,38.02,8.21,87,40.4,59.5
Jaipur,2024-01-07,88.15,95.83,29.91,1.5,75,34.8,72.0
Jaipur,2024-01-08,82.28,155.25,38.05,9.3,92,44.1,47.7
Jaipur,2024-01-09,56.15,115.73,38.76,11.88,67,31.2,65.3
Jaipur,2024-01-10,89.8,98.86,40.62,7.6,79,29.9,64.9
Jaipur,2024-01-11,102.73,114.74,37.17,8.59,90,34.8,68.4
Jaipur,2024-01-12,78.18,131.61,26.89,6.3,81,36.1,63.4
Jaipur,2024-01-13,87.8,99.38,44.11,7.11,78,34.9,64.6
Jaipur,2024-01-14,97.24,97.04,36.06,12.69,82,37.2,48.5
Jaipur,2024-01-15,68.76,101.56,32.78,8.55,68,31.2,53.5
Jaipur,2024-01-16,84.4,114.72,41.35,11.3,81,29.1,64.7
Jaipur,2024-01-17,82.69,111.26,35.04,5.66,78,35.1,56.0
Jaipur,2024-01-18,89.52,118.22,42.94,9.72,85,39.6,75.9
Jaipur,2024-01-19,71.77,132.57,42.05,11.07,80,32.3,42.0
Jaipur,2024-01-20,80.38,123.29,34.11,15.62,82,36.8,40.7
Jaipur,2024-01-21,91.84,123.04,45.04,11.55,88,32.1,58.4
Jaipur,2024-01-22,76.5,105.04,39.99,10.1,74,42.0,70.6
Jaipur,2024-01-23,63.27,119.88,34.77,11.42,72,33.4,46.3
Jaipur,2024-01-24,95.52,121.36,42.78,10.58,89,28.7,50.1
Jaipur,2024-01-25,88.98,130.88,40.01,11.24,88,40.0,45.3
Jaipur,2024-01-26,76.97,160.98,50.14,9.5,92,27.9,74.1
Jaipur,2024-01-27,77.76,112.9,37.33,10.88,77,24.5,71.6
Jaipur,2024-01-28,100.56,134.3,33.68,12.34,95,27.1,74.9
Jaipur,2024-01-29,66.48,126.11,34.08,9.24,75,37.1,44.2
Jaipur,2024-01-30,93.4,148.37,40.13,10.07,96,35.6,78.0
Jaipur,2024-01-31,46.7,136.85,39.88,13.61,69,26.3,73.9
Jaipur,2024-02-01,33.9,114.46,45.83,9.7,56,21.3,62.9
Jaipur,2024-02-02,92.56,108.27,29.55,9.49,82,30.4,78.0
Jaipur,2024-02-03,75.65,103.63,37.4,4.32,73,29.7,41.4
Jaipur,2024-02-04,88.99,82.37,29.75,12.22,73,34.1,55.1
Jaipur,2024-02-05,80.89,104.19,35.95,14.75,76,30.2,48.2
Jaipur,2024-02-06,103.21,113.05,43.78,4.26,90,34.6,42.1
Jaipur,2024-02-07,69.79,114.38,42.07,8.98,74,35.6,68.9
Jaipur,2024-02-08,91.31,115.93,39.21,9.45,85,26.9,47.8
Jaipur,2024-02-09,81.74,135.16,39.01,4.88,85,32.7,68.1
Jaipur,2024-02-10,95.03,97.87,42.94,11.86,82,21.4,46.1
Jaipur,2024-02-11,83.44,104.95,32.75,10.74,77,38.8,43.1
Jaipur,2024-02-12,92.38,118.85,45.83,11.59,87,19.8,44.3
Jaipur,2024-02-13,74.21,127.64,41.96,10.14,80,24.2,59.5
Jaipur,2024-02-14,90.17,124.74,45.91,17.03,88,34.8,45.4
Jaipur,2024-02-15,96.48,116.28,41.34,6.86,87,26.1,54.9
Jaipur,2024-02-16,81.16,88.15,40.95,9.89,72,30.9,42.2
Jaipur,2024-02-17,74.52,122.77,46.29,17.78,80,35.7,46.8
Jaipur,2024-02-18,73.28,101.63,33.3,11.3,71,26.5,45.4
Jaipur,2024-02-19,96.97,130.86,36.01,13.62,92,32.8,77.5
Jaipur,2024-02-20,69.71,131.51,43.16,8.58,79,25.8,76.8
Jaipur,2024-02-21,106.69,108.17,41.27,6.96,90,21.1,42.0
Jaipur,2024-02-22,66.64,121.88,31.56,6.64,73,32.7,46.1
Jaipur,2024-02-23,91.71,94.59,32.75,11.14,78,27.0,68.3
Jaipur,2024-02-24,75.25,99.09,41.34,7.53,72,26.5,63.1
Jaipur,2024-02-25,102.63,124.45,44.28,8.74,93,23.3,73.7
Jaipur,2024-02-26,103.07,148.09,48.32,10.92,101,31.8,46.7
Jaipur,2024-02-27,104.06,135.34,44.41,9.78,98,24.5,47.0
Jaipur,2024-02-28,99.35,78.49,47.67,13.37,79,26.4,44.8
Jaipur,2024-02-29,91.1,118.68,40.94,11.17,86,28.6,43.9
Jaipur,2024-03-01,97.74,94.4,42.94,9.38,82,28.9,63.6
Jaipur,2024-03-02,72.13,97.26,43.94,13.07,70,26.4,47.8
Jaipur,2024-03-03,86.7,147.54,43.95,12.91,93,30.0,74.7
Jaipur,2024-03-04,62.31,132.11,39.65,6.6,75,27.5,55.6
Jaipur,2024-03-05,81.35,128.74,36.72,9.29,83,23.5,71.3
Jaipur,2024-03-06,100.04,108.06,25.85,8.34,85,34.7,57.7
Jaipur,2024-03-07,61.22,95.16,46.89,10.35,64,30.0,66.8
Jaipur,2024-03-08,50.04,104.15,35.2,10.43,60,29.5,63.1
Jaipur,2024-03-09,80.08,124.11,40.96,17.18,83,17.5,43.3
Jaipur,2024-03-10,93.7,105.21,27.98,10.94,82,36.9,60.3
Jaipur,2024-03-11,95.62,105.84,37.88,8.64,84,19.0,49.9
Jaipur,2024-03-12,78.6,149.73,46.47,9.07,89,34.1,42.9
Jaipur,2024-03-13,107.57,137.55,40.04,9.29,99,28.4,76.8
Jaipur,2024-03-14,75.97,123.78,42.47,12.0,80,27.7,66.9
Jaipur,2024-03-15,82.83,108.26,39.07,5.2,78,39.4,54.3
Jaipur,2024-03-16,65.23,123.28,33.69,11.47,74,33.0,53.5
Jaipur,2024-03-17,94.77,133.81,43.58,17.18,93,39.0,62.3
Jaipur,2024-03-18,73.55,105.6,44.81,7.47,73,28.8,56.5
Jaipur,2024-03-19,96.32,144.54,29.63,9.93,95,33.8,67.4
Jaipur,2024-03-20,81.15,118.73,41.43,9.02,81,32.0,52.6
Jaipur,2024-03-21,94.64,123.59,39.31,8.73,89,26.8,48.0
Jaipur,2024-03-22,99.75,85.2,33.75,10.43,79,29.6,60.2
Jaipur,2024-03-23,83.79,129.06,34.11,9.34,84,31.6,68.9
Jaipur,2024-03-24,60.82,154.19,40.43,15.23,82,38.9,44.6
Jaipur,2024-03-25,85.47,101.97,44.78,16.97,79,28.7,42.5
Jaipur,2024-03-26,91.83,147.49,40.91,11.88,95,27.5,47.6
Jaipur,2024-03-27,63.42,157.52,39.42,8.96,83,33.4,78.0
Jaipur,2024-03-28,67.52,139.61,37.0,10.17,80,25.7,42.8
Jaipur,2024-03-29,99.83,133.55,41.24,10.23,95,31.2,60.7
Jaipur,2024-03-30,87.47,125.07,34.88,10.74,85,24.3,59.3
Jaipur,2024-03-31,83.9,95.52,39.33,11.56,75,37.8,64.2
Jaipur,2024-04-01,75.71,108.94,31.72,9.02,74,24.9,41.0
Jaipur,2024-04-02,94.94,110.01,38.63,9.96,85,30.4,74.2
Jaipur,2024-04-03,86.12,116.98,40.69,11.56,83,32.0,72.0
Jaipur,2024-04-04,60.97,124.76,42.4,12.19,73,26.5,71.7
Jaipur,2024-04-05,74.86,115.3,45.29,10.57,77,36.1,76.1
Jaipur,2024-04-06,82.94,119.61,43.73,10.98,82,41.6,47.5
Jaipur,2024-04-07,72.07,123.1,31.23,10.36,77,26.2,60.1
Jaipur,2024-04-08,82.14,101.32,41.37,3.78,75,30.0,70.4
Jaipur,2024-04-09,85.19,106.33,47.02,7.02,79,27.9,63.1
Lucknow,2024-01-01,73.78,100.1,42.75,15.4,72,23.5,62.5
Lucknow,2024-01-02,52.25,129.24,41.13,7.64,69,23.2,62.8
Lucknow,2024-01-03,74.57,124.36,35.41,15.19,79,27.1,47.6
Lucknow,2024-01-04,79.53,115.56,47.19,7.33,79,22.8,74.2
Lucknow,2024-01-05,67.5,138.67,38.35,8.47,80,31.3,61.3
Lucknow,2024-01-06,91.81,86.02,46.15,10.32,77,37.6,44.7
Lucknow,2024-01-07,81.91,98.67,39.12,11.2,75,32.6,49.9
Lucknow,2024-01-08,87.91,103.39,43.21,10.09,80,19.3,69.0
Lucknow,2024-01-09,77.03,101.74,54.68,6.78,75,28.9,72.3
Lucknow,2024-01-10,86.69,130.99,49.17,7.79,88,39.5,45.5
Lucknow,2024-01-11,85.12,161.76,33.01,13.61,95,32.1,43.4
Lucknow,2024-01-12,93.12,152.07,38.45,9.92,97,38.6,75.8
Lucknow,2024-01-13,71.6,89.3,44.1,11.27,68,26.6,49.6
Lucknow,2024-01-14,72.57,89.98,37.48,7.55,67,29.5,51.8
Lucknow,2024-01-15,56.29,161.01,46.26,7.66,81,33.0,53.3
Lucknow,2024-01-16,87.01,107.43,42.31,8.91,80,27.3,72.3
Lucknow,2024-01-17,60.76,135.12,46.45,17.76,77,25.8,74.6
Lucknow,2024-01-18,91.33,142.94,34.53,11.83,93,21.4,42.9
Lucknow,2024-01-19,71.28,133.9,45.13,11.8,81,40.0,66.5
Lucknow,2024-01-20,87.19,143.18,37.38,11.79,91,23.3,69.8
Lucknow,2024-01-21,58.56,102.44,46.61,9.49,65,32.3,66.5
Lucknow,2024-01-22,92.43,136.13,35.1,10.85,91,33.3,56.6
Lucknow,2024-01-23,79.16,103.85,36.21,7.06,75,30.6,63.8
Lucknow,2024-01-24,99.66,115.72,36.72,9.46,89,38.9,48.9
Lucknow,2024-01-25,78.29,131.77,41.12,6.4,83,37.4,59.1
Lucknow,2024-01-26,84.4,88.81,36.51,4.55,72,34.7,43.5
Lucknow,2024-01-27,85.14,144.91,36.14,8.51,90,29.4,71.7
Lucknow,2024-01-28,69.33,129.78,38.47,7.77,78,30.3,74.8
Lucknow,2024-01-29,65.59,129.68,31.49,8.32,75,30.3,79.6
Lucknow,2024-01-30,106.57,117.99,37.57,11.86,93,14.0,52.6
Lucknow,2024-01-31,90.71,128.71,40.84,13.49,89,29.1,55.9
Lucknow,2024-02-01,94.97,114.26,30.21,8.11,85,30.3,61.1
Lucknow,2024-02-02,78.75,91.33,46.82,9.09,72,29.2,53.3
Lucknow,2024-02-03,105.48,142.76,36.41,9.67,100,38.8,45.2
Lucknow,2024-02-04,88.17,136.15,52.86,3.25,90,34.6,47.9
Lucknow,2024-02-05,73.39,134.59,34.63,12.06,81,30.7,43.6
Lucknow,2024-02-06,94.43,121.9,46.76,5.46,89,24.7,64.0
Lucknow,2024-02-07,49.18,143.32,32.62,11.37,71,30.0,65.4
Lucknow,2024-02-08,53.51,127.75,34.06,8.81,69,33.8,60.1
Lucknow,2024-02-09,83.32,125.72,36.38,12.73,84,29.0,57.4
Lucknow,2024-02-10,74.1,111.13,36.18,12.63,75,27.4,52.9
Lucknow,2024-02-11,91.72,135.31,39.73,7.06,91,28.8,60.4
Lucknow,2024-02-12,95.99,119.86,39.11,11.97,89,35.5,72.3
Lucknow,2024-02-13,81.85,92.59,37.89,6.06,73,34.5,42.1
Lucknow,2024-02-14,92.52,109.5,39.71,13.55,84,32.1,48.0
Lucknow,2024-02-15,81.35,107.85,35.23,8.75,77,24.7,76.4
Lucknow,2024-02-16,62.05,157.2,41.6,5.78,82,27.9,56.1
Lucknow,2024-02-17,84.01,148.64,45.04,5.77,91,35.4,43.7
Lucknow,2024-02-18,66.86,117.85,39.82,11.98,73,35.3,59.9
Lucknow,2024-02-19,71.23,141.1,37.09,11.17,82,33.9,41.9
Lucknow,2024-02-20,105.23,129.63,38.13,8.5,96,28.8,57.9
Lucknow,2024-02-21,107.1,134.43,29.35,13.55,98,34.7,78.2
Lucknow,2024-02-22,46.84,136.98,40.67,11.29,69,25.8,73.7
Lucknow,2024-02-23,76.88,150.26,33.96,5.77,87,28.6,64.1
Lucknow,2024-02-24,80.77,109.13,29.03,14.8,77,32.6,70.8
Lucknow,2024-02-25,90.75,136.91,40.31,10.89,91,30.4,52.1
Lucknow,2024-02-26,67.03,71.6,38.86,9.57,59,29.6,66.7
Lucknow,2024-02-27,93.78,117.24,43.36,8.74,87,29.3,47.5
Lucknow,2024-02-28,90.47,134.85,33.8,5.49,89,24.9,50.0
Lucknow,2024-02-29,73.03,109.94,44.31,10.06,74,21.6,74.6
Lucknow,2024-03-01,80.31,120.2,46.46,7.75,81,35.1,78.4
Lucknow,2024-03-02,86.21,131.67,46.5,8.27,88,28.4,79.4
Lucknow,2024-03-03,67.27,115.41,33.84,12.86,72,36.8,57.8
Lucknow,2024-03-04,108.2,112.32,43.65,15.09,93,16.7,66.5
Lucknow,2024-03-05,75.82,149.12,35.14,11.22,87,27.3,69.2
Lucknow,2024-03-06,92.83,143.7,39.82,12.31,94,28.4,59.4
Lucknow,2024-03-07,67.62,122.11,36.88,12.24,75,28.3,67.1
Lucknow,2024-03-08,93.7,113.74,41.69,8.71,86,28.5,59.9
Lucknow,2024-03-09,78.24,115.23,35.1,4.13,77,24.7,60.1
Lucknow,2024-03-10,86.35,128.7,33.63,12.52,86,38.2,69.5
Lucknow,2024-03-11,101.01,108.32,36.78,1.78,86,33.9,52.4
Lucknow,2024-03-12,106.65,127.33,42.51,8.98,96,23.6,63.7
Lucknow,2024-03-13,89.74,117.35,40.57,11.38,85,27.1,41.1
Lucknow,2024-03-14,82.1,132.64,38.37,14.86,86,24.9,76.7
Lucknow,2024-03-15,64.64,115.39,44.49,10.11,72,31.3,76.3
Lucknow,2024-03-16,110.25,124.89,34.76,9.31,96,32.9,59.3
Lucknow,2024-03-17,81.27,116.52,41.95,9.54,80,26.5,66.9
Lucknow,2024-03-18,57.16,122.08,33.75,11.84,69,30.2,65.1
Lucknow,2024-03-19,71.74,130.46,36.3,12.59,79,29.0,70.2
Lucknow,2024-03-20,88.43,117.23,32.69,14.0,84,31.2,44.2
Lucknow,2024-03-21,95.8,112.01,25.83,14.08,85,32.2,69.2
Lucknow,2024-03-22,57.91,158.69,33.89,13.22,81,33.5,42.1
Lucknow,2024-03-23,82.14,145.84,35.62,7.58,89,33.6,55.1
Lucknow,2024-03-24,83.48,115.5,41.21,10.75,81,28.6,70.8
Lucknow,2024-03-25,84.31,93.79,37.56,5.69,74,32.2,49.1
Lucknow,2024-03-26,95.0,126.67,43.73,10.12,90,16.9,64.2
Lucknow,2024-03-27,74.68,179.93,33.41,10.06,95,29.9,45.2
Lucknow,2024-03-28,104.53,120.5,42.54,10.17,93,23.5,44.5
Lucknow,2024-03-29,75.94,93.64,46.28,8.51,71,22.9,50.7
Lucknow,2024-03-30,81.93,99.93,40.15,13.54,76,39.3,68.6
Lucknow,2024-03-31,78.5,108.7,39.48,11.84,76,29.3,41.8
Lucknow,2024-04-01,81.29,83.25,42.74,17.06,71,26.8,74.8
Lucknow,2024-04-02,73.0,161.65,40.44,6.89,89,34.0,46.5
Lucknow,2024-04-03,90.62,130.96,41.6,9.35,89,31.8,76.2
Lucknow,2024-04-04,93.04,85.66,37.83,15.17,77,26.1,66.8
Lucknow,2024-04-05,75.69,117.4,27.97,5.9,76,24.6,78.6
Lucknow,2024-04-06,82.63,124.7,45.11,9.43,84,27.4,70.3
Lucknow,2024-04-07,80.63,149.75,49.75,6.26,90,33.0,60.2
Lucknow,2024-04-08,58.36,131.25,38.08,10.61,73,30.4,46.4
Lucknow,2024-04-09,70.3,78.57,38.95,7.29,63,32.3,57.2
